<application>
  <component name="MaterialThemeConfig">
    <option name="allowDataCollection" value="true" />
    <option name="isContrastMode" value="true" />
    <option name="isWizardShown" value="true" />
    <option name="pristineConfig" value="false" />
    <option name="tabsHeight" value="40" />
    <option name="accentColor" value="80cbc4" />
    <option name="highlightColor" value="80cbc4" />
    <option name="selectedTheme" value="CUSTOM" />
    <option name="userId" value="4ef975d3:163fac4f509:-8000" />
    <option name="version" value="4.3.4" />
  </component>
</application>